name,imagenum1,imagenum2,
Abel_Pacheco,1,4,
Akhmed_Zakayev,1,3,
Akhmed_Zakayev,2,3,
Amber_Tamblyn,1,2,
Anders_Fogh_Rasmussen,1,3,
Anders_Fogh_Rasmussen,1,4,
Angela_Bassett,1,5,
Angela_Bassett,2,5,
Angela_Bassett,3,4,
Ann_Veneman,3,5,
Ann_Veneman,6,10,
Ann_Veneman,10,11,
Anthony_Fauci,1,2,
Antony_Leung,1,2,
Antony_Leung,2,3,
Anwar_Ibrahim,1,2,
Augusto_Pinochet,1,2,
Barbara_Brezigar,1,2,
Benjamin_Netanyahu,1,4,
Benjamin_Netanyahu,4,5,
Bernard_Law,2,3,
Bernard_Law,3,4,
Bertrand_Bonello,1,2,
Bill_Frist,2,9,
Bill_Frist,4,5,
Bob_Graham,2,4,
Bob_Graham,3,6,
Bob_Graham,4,6,
Bob_Graham,5,6,
Boris_Becker,2,6,
Brad_Johnson,1,3,
Brad_Johnson,2,3,
Brad_Johnson,2,4,
Brian_Griese,1,2,
Candice_Bergen,1,2,
Candice_Bergen,2,3,
Carla_Myers,1,2,
Cathy_Freeman,1,2,
Chang_Dae-whan,1,2,
Charles_Grassley,1,2,
Clare_Short,1,3,
Clare_Short,1,4,
Corinne_Coman,1,2,
Dai_Bachtiar,1,2,
Dale_Earnhardt_Jr,1,3,
David_Caruso,1,2,
Demi_Moore,1,3,
Dick_Vermeil,1,2,
Doris_Roberts,1,2,
Doris_Roberts,1,3,
Drew_Barrymore,1,2,
Edmund_Stoiber,4,7,
Edmund_Stoiber,5,7,
Edmund_Stoiber,7,12,
Edmund_Stoiber,9,11,
Elinor_Caplan,1,2,
Emmanuelle_Beart,1,2,
Emmanuelle_Beart,1,3,
Federico_Trillo,1,2,
Federico_Trillo,1,3,
Federico_Trillo,2,3,
Francis_Ford_Coppola,1,2,
Fred_Thompson,1,2,
Fred_Thompson,1,3,
Fred_Thompson,2,3,
Garry_Trudeau,1,2,
Gary_Williams,1,2,
Gene_Robinson,1,2,
Gene_Robinson,1,3,
Gene_Robinson,2,3,
George_Galloway,1,3,
George_Galloway,2,3,
George_Galloway,2,4,
Geraldine_Chaplin,1,2,
Geraldine_Chaplin,1,4,
Geraldine_Chaplin,3,4,
Gerardo_Gambala,1,2,
Gian_Marco,1,2,
Gian_Marco,2,3,
Gillian_Anderson,1,2,
Gordon_Brown,6,9,
Gordon_Brown,10,13,
Grant_Hackett,1,2,
Grant_Hackett,1,3,
Grant_Hackett,1,5,
Gray_Davis,7,22,
Gray_Davis,21,26,
Gregg_Popovich,1,5,
Gregg_Popovich,3,4,
Guy_Ritchie,1,2,
Hamzah_Haz,1,2,
Harbhajan_Singh,1,2,
Hootie_Johnson,1,2,
Hugo_Chavez,2,27,
Hugo_Chavez,27,53,
Hugo_Chavez,36,51,
Hugo_Chavez,41,50,
Hugo_Chavez,45,56,
Isaiah_Washington,1,2,
Jack_Grubman,1,2,
Jacques_Rogge,1,9,
Jacques_Rogge,3,7,
Jacques_Rogge,3,10,
Jacques_Rogge,4,6,
Jacques_Rogge,4,9,
Jacques_Rogge,5,8,
Jacques_Rogge,6,8,
James_Caan,1,2,
James_Caan,1,3,
James_Caan,2,3,
James_Jones,1,2,
Jamling_Norgay,1,2,
Janica_Kostelic,1,2,
Jeanne_Moreau,1,2,
Jeffrey_Archer,1,2,
Jennifer_Garner,1,3,
Jennifer_Garner,4,9,
Jennifer_Garner,5,6,
Jennifer_Garner,5,9,
Jennifer_Garner,7,12,
Jennifer_Garner,8,11,
Jeremy_Greenstock,2,24,
Jeremy_Greenstock,3,22,
Jeremy_Greenstock,5,11,
Jeremy_Greenstock,10,14,
Jeremy_Greenstock,17,21,
Jessica_Lange,1,2,
Jimmy_Carter,1,7,
Jimmy_Carter,4,6,
Jimmy_Carter,5,8,
Jimmy_Carter,6,7,
Jodie_Foster,1,2,
John_Manley,1,6,
John_Manley,2,5,
John_McCain,2,3,
John_McCain,3,7,
John_McCain,6,7,
John_Snow,3,15,
John_Snow,4,16,
John_Snow,9,11,
Johnson_Panjaitan,1,2,
Jorge_Castaneda,1,2,
Jose_Serra,1,9,
Jose_Serra,2,8,
Jose_Serra,3,5,
Jose_Serra,3,7,
Jose_Serra,6,9,
Jose_Theodore,1,2,
Joseph_Blatter,1,2,
Joseph_Ralston,1,2,
Juan_Pablo_Montoya,1,8,
Juan_Pablo_Montoya,2,4,
Juan_Pablo_Montoya,4,5,
Julianna_Margulies,1,2,
Justin_Guarini,1,2,
Justin_Guarini,2,3,
Justine_Henin,2,3,
Kate_Winslet,1,2,
Kate_Winslet,1,4,
Kate_Winslet,2,3,
Kate_Winslet,2,4,
Kathy_Winters,1,2,
Kelvin_Sampson,1,2,
Kevin_Stallings,1,2,
Kim_Jong-Il,2,3,
Kristin_Davis,1,2,
Kristin_Davis,2,3,
Lance_Armstrong,1,17,
Lance_Armstrong,5,10,
Lance_Armstrong,7,11,
Lance_Armstrong,10,18,
Lance_Armstrong,14,17,
Laurent_Jalabert,1,2,
Lindsey_Graham,1,2,
Lisa_Gottsegen,1,2,
Lleyton_Hewitt,1,13,
Lleyton_Hewitt,16,27,
Lleyton_Hewitt,18,37,
Lleyton_Hewitt,24,36,
Luis_Ernesto_Derbez_Bautista,3,6,
Mario_Dumont,1,2,
Mark_Wahlberg,1,3,
Mark_Wahlberg,2,3,
Mark_Wahlberg,2,4,
Marlene_Weingartner,1,2,
Martha_Bowen,1,2,
Martin_Cauchon,1,2,
Martin_Hoellwarth,1,2,
Martin_Sheen,1,2,
Matthew_Broderick,1,4,
Matthew_Broderick,2,3,
Mike_Krzyzewski,1,6,
Mikhail_Gorbachev,1,2,
Monica_Bellucci,1,4,
Monica_Bellucci,2,4,
Naomi_Campbell,1,2,
Nestor_Kirchner,3,30,
Nestor_Kirchner,12,21,
Nestor_Kirchner,17,25,
Nicolas_Lapentti,1,2,
Noah_Wyle,2,3,
Nora_Bendijo,1,2,
Nursultan_Nazarbayev,1,2,
Pamela_Anderson,1,2,
Pamela_Anderson,1,5,
Patricia_Heaton,1,2,
Patty_Schnyder,1,2,
Patty_Schnyder,2,3,
Patty_Schnyder,2,4,
Patty_Schnyder,3,4,
Paul_Bremer,6,17,
Paul_Bremer,7,10,
Paul_Bremer,9,15,
Paul_Bremer,14,16,
Paul_Sarbanes,1,3,
Paul_Sarbanes,2,3,
Paul_William_Hurley,1,2,
Pervez_Musharraf,1,6,
Pervez_Musharraf,2,16,
Pervez_Musharraf,3,10,
Pervez_Musharraf,4,14,
Pervez_Musharraf,5,7,
Pervez_Musharraf,5,15,
Phil_Gramm,1,2,
Prince_Edward,1,2,
Ricardo_Lagos,3,12,
Ricardo_Lagos,23,27,
Ricardo_Monasterio,1,2,
Rich_Gannon,1,2,
Rick_Perry,1,4,
Rick_Perry,1,5,
Rick_Perry,2,4,
Rick_Perry,3,4,
Robert_Bonner,2,3,
Robert_Evans,2,3,
Robert_Fico,1,2,
Romano_Prodi,3,5,
Roy_Moore,2,5,
Roy_Moore,3,6,
Sachiko_Yamada,1,2,
Sachiko_Yamada,1,4,
Sachiko_Yamada,2,3,
Sachiko_Yamada,2,4,
Saeb_Erekat,1,2,
Sam_Bith,1,2,
Sam_Bith,1,3,
Sam_Bith,2,3,
Sean_Hayes,1,2,
Sergio_Garcia,1,2,
Silvia_Farina_Elia,1,2,
Steve_Ballmer,1,2,
Steve_Ballmer,1,3,
Stockard_Channing,1,3,
Stockard_Channing,2,3,
Terry_McAuliffe,1,2,
Terry_McAuliffe,1,3,
Thomas_Rupprath,1,3,
Thomas_Rupprath,2,3,
Tom_Ridge,6,16,
Tom_Ridge,8,25,
Tom_Ridge,9,26,
Tom_Ridge,18,22,
Tommy_Haas,4,5,
Tommy_Thompson,1,2,
Tommy_Thompson,1,7,
Tommy_Thompson,2,8,
Tommy_Thompson,4,8,
Tommy_Thompson,6,9,
Tomoko_Hagiwara,1,2,
Trent_Lott,1,2,
Trent_Lott,2,3,
Trent_Lott,2,8,
Trent_Lott,6,11,
Trent_Lott,7,10,
Trent_Lott,8,16,
Tsutomu_Takebe,1,2,
Tyler_Hamilton,1,2,
Tyra_Banks,1,2,
Vaclav_Havel,2,4,
Vaclav_Havel,2,5,
Vaclav_Havel,2,6,
Vaclav_Havel,4,9,
Vaclav_Havel,5,7,
Valerie_Harper,1,2,
Vince_Carter,3,4,
Vincent_Brooks,2,3,
Vincent_Brooks,2,7,
Vincent_Brooks,4,5,
Vincent_Brooks,4,7,
Vincent_Gallo,1,2,
Vitali_Klitschko,1,2,
Vitali_Klitschko,3,4,
William_Macy,1,4,
William_Macy,2,4,
William_Macy,3,4,
Woody_Allen,2,4,
Woody_Allen,3,5,
Yukiko_Okudo,1,2,
Zico,1,2,
Zico,2,3,
Abdullah_Gul,1,6,
Abdullah_Gul,1,8,
Abdullah_Gul,7,14,
Abdullah_Gul,9,12,
Abdullah_Gul,9,15,
Adolfo_Rodriguez_Saa,1,2,
Adrien_Brody,2,3,
Adrien_Brody,2,12,
Adrien_Brody,5,10,
Adrien_Brody,7,8,
Al_Sharpton,1,4,
Al_Sharpton,2,4,
Al_Sharpton,2,7,
Al_Sharpton,3,4,
Alexandra_Stevenson,1,2,
Alexandra_Stevenson,1,3,
Alexandra_Vodjanikova,1,2,
Alicia_Silverstone,1,2,
Ana_Palacio,3,7,
Ana_Palacio,6,8,
Andre_Agassi,1,5,
Andre_Agassi,2,16,
Andre_Agassi,4,33,
Andre_Agassi,9,25,
Andre_Agassi,17,25,
Anna_Kournikova,2,3,
Anna_Kournikova,2,12,
Anna_Kournikova,3,8,
Anna_Kournikova,7,8,
Anna_Kournikova,7,11,
Annette_Lu,1,2,
Arnold_Palmer,1,3,
Arnold_Palmer,2,3,
Aron_Ralston,1,2,
Arturo_Gatti,2,3,
Bashar_Assad,1,3,
Bashar_Assad,2,4,
Bernardo_Segura,1,2,
Bill_Gates,3,16,
Bill_Gates,7,15,
Bill_Gates,11,13,
Bill_Gates,13,17,
Bo_Pelini,1,2,
Bob_Stoops,2,4,
Bob_Stoops,2,5,
Bobby_Robson,1,2,
Bode_Miller,1,2,
Caroline_Kennedy,1,3,
Caroline_Kennedy,2,3,
Catherine_Zeta-Jones,1,11,
Catherine_Zeta-Jones,4,9,
Celso_Amorim,1,2,
Chan_Gailey,1,2,
Chanda_Rubin,2,5,
Chanda_Rubin,4,5,
Charles_Bronson,1,2,
Charles_Kartman,1,2,
Charles_Schumer,1,2,
Chris_Rock,1,2,
Christine_Baumgartner,1,2,
Christine_Baumgartner,2,4,
Colin_Farrell,1,7,
Colin_Farrell,2,7,
Colin_Farrell,3,6,
Colin_Farrell,4,8,
Dalai_Lama,1,2,
Daniel_Radcliffe,1,4,
Daryl_Hannah,1,2,
David_Anderson,1,2,
David_Anderson,1,3,
David_Beckham,1,15,
David_Beckham,9,16,
David_Beckham,11,29,
David_Beckham,13,29,
David_Beckham,15,24,
David_Beckham,20,27,
David_Beckham,27,31,
Denzel_Washington,2,4,
Denzel_Washington,3,5,
Dianne_Feinstein,1,2,
Dianne_Feinstein,1,3,
Dianne_Feinstein,2,3,
Dick_Clark,1,2,
Dick_Clark,1,3,
Donald_Fehr,1,3,
Donald_Fehr,1,4,
Donald_Fehr,2,3,
Donald_Fehr,3,4,
Dwayne_Johnson,1,2,
Ed_Rosenthal,1,2,
Erik_Morales,1,2,
Erik_Morales,2,3,
Evan_Rachel_Wood,2,3,
Evander_Holyfield,1,2,
Eve_Pelletier,1,2,
Farouk_al-Sharaa,1,2,
Farouk_al-Sharaa,1,3,
Farouk_al-Sharaa,2,3,
Frank_Cassell,1,2,
Frank_Cassell,1,3,
Fujio_Cho,1,4,
Fujio_Cho,2,5,
Fujio_Cho,3,5,
Fujio_Cho,4,6,
Fujio_Cho,5,6,
Gao_Qiang,1,2,
Geoff_Hoon,1,2,
Geoff_Hoon,3,4,
Geoff_Hoon,4,5,
George_Brumley,1,2,
George_Papandreou,1,2,
George_Papandreou,1,3,
George_Papandreou,1,4,
George_Papandreou,3,4,
Gloria_Allred,1,2,
Greg_Ostertag,1,2,
Greg_Owen,1,2,
Hanan_Ashrawi,1,2,
Harry_Kalas,1,2,
Hayley_Tullett,1,2,
Howard_Dean,1,3,
Howard_Dean,1,7,
Howard_Dean,2,8,
Howard_Dean,4,5,
Howard_Dean,5,12,
Hu_Jintao,4,14,
Hu_Jintao,5,12,
Hu_Jintao,5,15,
Hu_Jintao,11,13,
Ian_McKellen,1,3,
Ibrahim_Jaafari,1,2,
Isabella_Rossellini,1,3,
Ishaq_Shahryar,1,2,
Ismail_Merchant,1,2,
Jacques_Chirac,2,43,
Jacques_Chirac,19,28,
James_Cameron,1,3,
James_McGreevey,1,3,
James_McGreevey,1,4,
Jason_Alexander,1,2,
Jason_Kidd,2,8,
Jason_Kidd,3,8,
Jason_Kidd,6,8,
Jelena_Dokic,1,2,
Jelena_Dokic,2,4,
Jelena_Dokic,2,8,
Jelena_Dokic,3,4,
Jelena_Dokic,4,5,
Jelena_Dokic,4,7,
Jelena_Dokic,4,8,
Jelena_Dokic,5,6,
Jelena_Dokic,7,8,
Jennifer_Connelly,1,3,
Jennifer_Connelly,1,4,
Jennifer_Connelly,2,4,
Jennifer_Connelly,3,4,
Jennifer_Keller,1,4,
Jennifer_Keller,3,4,
Jennifer_Reilly,1,2,
Jennifer_Thompson,1,2,
Jim_Hahn,1,3,
Jim_Hahn,1,4,
Jim_Hahn,3,4,
Johnny_Carson,1,2,
Jorge_Batlle,1,2,
Jorge_Batlle,1,3,
Jorge_Rodolfo_Canicoba_Corral,1,2,
Juan_Ignacio_Chela,1,2,
Juan_Ignacio_Chela,1,3,
Juan_Ignacio_Chela,2,3,
Justin_Gatlin,1,2,
Karen_Mok,1,2,
Katie_Harman,1,2,
Katie_Harman,1,3,
Katie_Harman,2,3,
Kenneth_Branagh,1,2,
Kevin_Costner,1,3,
Kevin_Costner,2,6,
Kevin_Costner,2,8,
Kevin_Costner,6,8,
Larry_Lindsey,1,2,
Leonardo_DiCaprio,3,7,
Leonardo_DiCaprio,5,6,
Leonardo_DiCaprio,6,8,
Lindsay_Davenport,2,10,
Lindsay_Davenport,5,9,
Lisa_Ling,1,2,
Lucy_Liu,2,4,
Lucy_Liu,2,5,
Lucy_Liu,3,5,
Manfred_Stolpe,1,2,
Maria_Luisa_Mendonca,1,2,
Mario_Kreutzberger,1,2,
Melissa_Etheridge,1,2,
Michael_Jordan,1,2,
Michael_Jordan,1,3,
Michael_Jordan,2,4,
Mikhail_Youzhny,1,2,
Mitchell_Daniels,1,2,
Mitchell_Daniels,1,4,
Mitchell_Daniels,3,4,
Mohammad_Khatami,1,5,
Mohammad_Khatami,3,9,
Mohammad_Khatami,8,10,
Monique_Garbrecht-Enfeldt,1,3,
Natalie_Maines,2,5,
Natalie_Maines,4,5,
Nelson_Mandela,1,3,
Norodom_Sihanouk,1,3,
Norodom_Sihanouk,2,3,
Osama_bin_Laden,2,4,
Osama_bin_Laden,3,4,
Oxana_Fedorova,1,2,
Peter_Bacanovic,1,2,
Philippe_Noiret,1,2,
Placido_Domingo,1,2,
Placido_Domingo,2,3,
Prince_William,1,2,
Princess_Aiko,1,2,
Priscilla_Presley,1,2,
Richard_Haass,1,2,
Richard_Shelby,1,2,
Rick_Barnes,1,2,
Rick_Barnes,1,3,
Rick_Dinse,1,3,
Rick_Dinse,2,3,
Rio_Ferdinand,1,2,
Rita_Grande,1,2,
Rita_Grande,2,3,
Robin_McLaurin_Williams,1,2,
Saddam_Hussein,2,4,
Saddam_Hussein,2,10,
Saddam_Hussein,3,11,
Saddam_Hussein,6,9,
Sally_Field,1,2,
Salma_Hayek,1,10,
Salma_Hayek,1,11,
Sandra_Bullock,1,3,
Sandra_Bullock,1,4,
Sandra_Bullock,2,4,
Sandra_Bullock,3,4,
Sarah_Hughes,1,6,
Sarah_Hughes,2,5,
Sarah_Hughes,3,5,
Sarah_Hughes,4,6,
Sharon_Frey,1,2,
Silvio_Berlusconi,6,30,
Silvio_Berlusconi,8,23,
Silvio_Berlusconi,13,21,
Silvio_Berlusconi,17,29,
Silvio_Berlusconi,18,25,
Silvio_Berlusconi,23,28,
Silvio_Berlusconi,24,30,
Silvio_Berlusconi,26,32,
Spencer_Abraham,3,17,
Steffi_Graf,2,5,
Steffi_Graf,3,4,
Steven_Spielberg,1,5,
Steven_Spielberg,1,6,
Steven_Spielberg,3,6,
Steven_Spielberg,4,6,
Steven_Spielberg,4,7,
Steven_Spielberg,6,7,
Theresa_May,1,2,
Theresa_May,2,3,
Tippi_Hedren,1,2,
Todd_Haynes,1,2,
Todd_Haynes,1,3,
Todd_Haynes,1,4,
Todd_Haynes,2,4,
Tony_Blair,18,86,
Tony_Blair,32,48,
Tony_Blair,32,110,
Tony_Blair,53,102,
Tony_Blair,91,134,
Tony_Blair,92,133,
Tony_Blair,105,121,
Vicente_Fox,4,30,
Vicente_Fox,9,16,
Vicente_Fox,11,17,
Vicente_Fox,15,30,
Vojislav_Kostunica,1,3,
Vojislav_Kostunica,2,4,
Vojislav_Kostunica,4,7,
Vojislav_Kostunica,5,7,
Walter_Mondale,1,6,
Walter_Mondale,1,7,
Walter_Mondale,5,7,
Walter_Mondale,6,8,
Walter_Mondale,7,9,
Wang_Yingfan,2,3,
William_Bratton,1,3,
William_Donaldson,1,5,
William_Donaldson,3,5,
William_Donaldson,4,6,
Xavier_Malisse,1,3,
Xavier_Malisse,3,4,
Xavier_Malisse,3,5,
Yevgeny_Kafelnikov,1,4,
Zarai_Toledo,1,2,
Abdoulaye_Wade,1,2,
Abdoulaye_Wade,1,3,
Abdoulaye_Wade,2,3,
Adam_Sandler,1,2,
Adam_Sandler,1,4,
Adam_Sandler,2,3,
Aicha_El_Ouafi,1,3,
Aicha_El_Ouafi,2,3,
Akbar_Hashemi_Rafsanjani,1,3,
Akbar_Hashemi_Rafsanjani,2,3,
Al_Pacino,1,2,
Al_Pacino,1,3,
Alex_Barros,1,2,
Allyson_Felix,1,3,
Allyson_Felix,1,4,
Allyson_Felix,1,5,
Allyson_Felix,4,5,
Anastasia_Myskina,1,2,
Andy_Roddick,8,12,
Andy_Roddick,10,15,
Andy_Roddick,13,15,
Anna_Nicole_Smith,1,2,
Antonio_Palocci,1,8,
Antonio_Palocci,3,6,
Antonio_Palocci,4,5,
Antonio_Palocci,5,7,
Antonio_Palocci,6,8,
Arnoldo_Aleman,1,3,
Arnoldo_Aleman,3,5,
Ashton_Kutcher,1,3,
Ashton_Kutcher,2,3,
Augusto_Roa_Bastos,1,2,
Aung_San_Suu_Kyi,1,2,
Barry_Zito,1,2,
Bill_Graham,1,9,
Bill_Graham,3,4,
Bill_Graham,4,6,
Bill_Graham,5,6,
Bob_Dole,1,3,
Bruce_Weber,1,2,
Carlos_Mesa,1,2,
Carolyn_Dawn_Johnson,1,2,
Carolyn_Dawn_Johnson,2,3,
Celine_Dion,3,8,
Chakib_Khelil,1,2,
Chen_Shui-bian,2,4,
Chen_Shui-bian,3,5,
Christopher_Walken,1,3,
Christopher_Walken,1,4,
Claudia_Pechstein,1,2,
Claudia_Pechstein,1,4,
Claudia_Pechstein,3,4,
Claudia_Pechstein,3,5,
Claudia_Pechstein,4,5,
Clay_Aiken,2,4,
Clay_Aiken,3,4,
Clay_Aiken,3,5,
Colin_Powell,40,71,
Colin_Powell,49,234,
Colin_Powell,133,170,
Colin_Powell,182,198,
Cristina_Fernandez,1,2,
Daisy_Fuentes,2,3,
Damon_van_Dam,1,2,
Dan_Wheldon,1,2,
David_Coulthard,1,2,
David_Kelley,1,2,
Debra_Brown,1,2,
Dennis_Erickson,1,2,
Derek_Lowe,1,2,
Eddie_Sutton,1,2,
Edie_Falco,1,2,
Elijah_Wood,2,3,
Elizabeth_Hurley,1,4,
Elizabeth_Hurley,2,5,
Emily_Robison,1,2,
Ethan_Hawke,1,4,
Eunice_Barber,1,2,
Felix_Mantilla,1,2,
Fidel_Castro,1,18,
Fidel_Castro,3,7,
Fidel_Castro,5,8,
Fidel_Castro,8,12,
Fidel_Castro,11,13,
Francisco_Flores,1,2,
Francisco_Flores,1,3,
Frank_Dunham_Jr,1,2,
Franko_Simatovic,1,2,
Fred_Eckhard,1,2,
Fred_Eckhard,1,3,
Fred_Eckhard,2,3,
GL_Peiris,1,2,
GL_Peiris,1,3,
GL_Peiris,2,3,
GL_Peiris,2,4,
Garry_Kasparov,1,2,
Hassan_Nasrallah,1,2,
Heidi_Klum,1,3,
Heidi_Klum,1,4,
Heidi_Klum,2,4,
Heidi_Klum,3,4,
Heinz_Feldmann,1,2,
Heinz_Feldmann,2,3,
Iban_Mayo,1,2,
Imad_Moustapha,1,2,
Inam-ul-Haq,1,2,
James_Gandolfini,1,3,
James_Gandolfini,2,3,
Janet_Thorpe,1,2,
Jean-Pierre_Raffarin,1,2,
Jean-Pierre_Raffarin,1,6,
Jean-Pierre_Raffarin,3,4,
Jean-Pierre_Raffarin,3,5,
Jean-Pierre_Raffarin,4,7,
Jean-Pierre_Raffarin,5,7,
Jean-Pierre_Raffarin,6,7,
Jeffrey_Scott_Postell,1,2,
Jennifer_Capriati,2,14,
Jennifer_Capriati,7,32,
Jennifer_Capriati,33,42,
Job_Cohen,1,2,
John_McCormack,1,2,
John_Paul_II,1,4,
John_Paul_II,2,5,
John_Paul_II,2,8,
John_Paul_II,4,9,
John_Paul_II,10,11,
John_Ruiz,1,2,
John_Stallworth,1,2,
John_Stockton,2,4,
John_Travolta,2,6,
John_Travolta,3,5,
John_Travolta,5,7,
Jonathan_Mostow,1,2,
Jorge_Arce,1,2,
Joschka_Fischer,1,10,
Joschka_Fischer,6,11,
Joschka_Fischer,7,11,
Joschka_Fischer,11,17,
Joschka_Fischer,15,16,
Jose_Canseco,1,3,
Juan_Manuel_Marquez,1,2,
Juan_Manuel_Marquez,1,3,
Juan_Manuel_Marquez,2,3,
Juan_Valencia_Osorio,1,2,
Julie_Gerberding,9,13,
Julie_Gerberding,12,15,
Kate_Hudson,1,4,
Kate_Hudson,1,8,
Kate_Hudson,2,3,
Kate_Hudson,4,9,
Kate_Hudson,6,7,
Kemal_Dervis,1,3,
Kemal_Dervis,2,3,
Kenneth_Evans,1,2,
Kifah_Ajouri,1,2,
Larry_Lucchino,1,2,
Latrell_Sprewell,1,2,
Lech_Walesa,1,2,
Lee_Tae-sik,1,2,
Lisa_Marie_Presley,1,3,
Liza_Minnelli,2,3,
Liza_Minnelli,3,4,
Liza_Minnelli,3,6,
Liza_Minnelli,4,5,
Liza_Minnelli,5,6,
Liza_Minnelli,6,7,
Madonna,1,4,
Madonna,2,3,
Madonna,4,5,
Mariah_Carey,3,6,
Mary_Tyler_Moore,1,2,
Mathias_Reichhold,1,2,
Matt_Damon,1,2,
Matt_Damon,1,3,
Matt_Damon,2,4,
Matt_Damon,3,4,
Maureen_Fanning,1,2,
Melanie_Griffith,1,2,
Melanie_Griffith,1,3,
Melanie_Griffith,2,3,
Michael_Ballack,1,2,
Michael_Winterbottom,1,3,
Michael_Winterbottom,2,3,
Michelle_Collins,1,2,
Milo_Maestrecampo,1,2,
Mohamed_Benaissa,1,2,
Mohamed_ElBaradei,2,4,
Mohamed_ElBaradei,3,8,
Morgan_Freeman,1,2,
Muhammad_Ali,1,3,
Muhammad_Ali,1,7,
Muhammad_Ali,2,5,
Muhammad_Ali,6,10,
Muhammad_Ali,7,9,
Mukesh_Ambani,1,2,
Mukesh_Ambani,1,3,
Paris_Hilton,1,2,
Pat_Cox,1,2,
Paul_Burrell,3,7,
Paul_Burrell,5,11,
Paul_Burrell,8,10,
Paul_Wolfowitz,8,10,
Paula_Radcliffe,1,2,
Paula_Radcliffe,1,3,
Paula_Radcliffe,2,3,
Paula_Radcliffe,2,4,
Paula_Radcliffe,3,4,
Paula_Radcliffe,3,5,
Paula_Radcliffe,4,5,
Paulo_Cesar_Pinheiro,1,2,
Pedro_Solbes,1,3,
Pedro_Solbes,1,4,
Pedro_Solbes,2,3,
Pedro_Solbes,3,4,
Pete_Carroll,1,2,
Pete_Carroll,1,3,
Pete_Carroll,2,3,
Pete_Sampras,2,12,
Pete_Sampras,2,13,
Pete_Sampras,3,15,
Pete_Sampras,4,20,
Pete_Sampras,6,7,
Pete_Sampras,6,8,
Pete_Sampras,10,13,
Pete_Sampras,12,15,
Peter_Struck,1,5,
Peter_Struck,2,5,
Phil_Vassar,1,2,
Pierre_Boulanger,1,2,
Prince_Willem-Alexander,1,2,
Prince_Willem-Alexander,1,3,
Prince_Willem-Alexander,2,3,
Queen_Elizabeth_II,3,7,
Queen_Elizabeth_II,9,12,
Queen_Elizabeth_II,10,11,
Queen_Elizabeth_II,10,12,
Ray_Nagin,1,2,
Ricardo_Maduro,1,2,
Richard_Branson,1,2,
Richard_Virenque,1,4,
Richard_Virenque,1,6,
Richard_Virenque,1,7,
Richard_Virenque,2,7,
Richard_Virenque,2,8,
Rick_Carlisle,2,4,
Rick_Wagoner,1,2,
Robbie_Williams,1,2,
Robbie_Williams,1,3,
Roberto_Carlos,2,3,
Roberto_Carlos,2,4,
Roseanne_Barr,1,2,
Roseanne_Barr,2,3,
Ruben_Studdard,1,2,
Sammy_Sosa,1,2,
Sarah_Jessica_Parker,1,3,
Sarah_Jessica_Parker,2,4,
Sarah_Jessica_Parker,3,4,
Sharon_Davis,1,2,
Shaul_Mofaz,1,2,
Shaul_Mofaz,2,3,
Stan_Heath,1,2,
Svetlana_Koroleva,1,2,
Terrell_Suggs,1,2,
Tim_Henman,2,12,
Tim_Henman,8,19,
Tom_Daschle,7,8,
Tom_Daschle,15,21,
Tom_Daschle,15,22,
Tony_Curtis,1,2,
Valentino_Rossi,1,2,
Valentino_Rossi,2,4,
Valentino_Rossi,3,6,
Valentino_Rossi,4,5,
Valentino_Rossi,5,6,
Vanessa_Redgrave,1,3,
Vanessa_Redgrave,1,4,
Vanessa_Redgrave,2,5,
Vanessa_Redgrave,3,4,
Victoria_Clarke,1,5,
Vladimiro_Montesinos,1,2,
Vladimiro_Montesinos,1,3,
Vladimiro_Montesinos,2,3,
Wayne_Ferreira,1,2,
Wayne_Ferreira,1,3,
Wayne_Ferreira,1,5,
Wayne_Ferreira,2,5,
Wayne_Ferreira,3,4,
Will_Smith,1,2,
Yasser_Arafat,1,6,
Yasser_Arafat,1,8,
Yasser_Arafat,2,3,
Yasser_Arafat,2,5,
Yasser_Arafat,3,4,
Yasser_Arafat,3,8,
Yasser_Arafat,4,5,
Yasser_Arafat,5,8,
Yuri_Fedotov,1,2,
Zoran_Djindjic,1,3,
Zoran_Djindjic,1,4,
Aaron_Eckhart,1,Akiko_Morigami,1
Aaron_Eckhart,1,AnFernce_Negron,1
Aaron_Eckhart,1,Sadie_Frost,1
Abdel_Aziz_Al-Hakim,1,Joe_Darrell,1
Abdullah_al-Attiyah,1,Rachel_Wadsworth,1
Abdullah_al-Attiyah,2,John_Lisowski,1
Abraham_Foxman,1,Doug_Melvin,2
Abraham_Foxman,1,Nikki_Reed,1
Adam_Rich,1,Jean-Claude_Trichet,1
Adam_Rich,1,John_Goold,1
Adam_Rich,1,Lisa_Girman,1
Adam_Rich,1,Roger_Clemens,1
Adam_Rich,1,Suzanne_Somers,1
Adrian_Fernandez,1,Nicolas_Massu,1
Aiysha_Smith,1,Yossi_Beilin,1
Akiko_Morigami,1,Shane_Mosley,1
Alastair_Johnston,1,Aleksander_Kwasniewski,4
Alastair_Johnston,1,Bill_Duffey,1
Albert_Brooks,1,Robinson_Stevenin,1
Albert_Brooks,1,Sheila_Copps,3
Aleksander_Kwasniewski,1,Guangdong_Ou_Guangyuan,1
Aleksander_Kwasniewski,2,George_Plimpton,1
Aleksander_Kwasniewski,2,Juan_Jose_Lucas,1
Aleksander_Kwasniewski,3,Billy_Crawford,1
Aleksander_Voloshin,1,Kristen_Rivera,1
Alessandro_Nesta,1,Paul_Kelleher,1
Alfredo_di_Stefano,1,Chris_Moore,1
Alfredo_di_Stefano,1,Maryn_McKenna,1
Alfredo_di_Stefano,1,Shamai_Leibowitz,1
Ali_Naimi,5,Morris_Dees,1
Aline_Chretien,1,Guillermo_Coria,17
Amy_Yasbeck,1,Chawki_Armali,1
AnFernce_Negron,1,Kristen_Rivera,1
Andrew_Cuomo,2,Todd_Petit,1
Anil_Ramsook,1,Takeo_Hiranuma,1
Annie_Chaplin,1,Charles_Tannok,1
Antanas_Valionis,1,William_Rehnquist,1
Avril_Lavigne,1,Shia_LaBeouf,2
Barbara_Becker,1,Chris_Noth,1
Barbara_Becker,1,Franz_Beckenbauer,2
Barbora_Strycova,1,Christiane_Wulff,1
Barry_Diller,1,Meles_Zenawi,1
Bartosz_Kizierowski,1,Faye_Wong,1
Ben_Wallace,1,Nia_Vardalos,5
Bernard_Lord,1,Joxel_Garcia,1
Bernard_Lord,2,Bing_Crosby,1
Beyonce_Knowles,1,Maurice_Papon,1
Bill_Duffey,1,Jong_Wook_Lee,1
Bill_Guerin,1,Julie_Goodenough,1
Bill_Herrion,1,Fernando_Valenzuela,1
Bill_Herrion,1,Johnny_Unitas,2
Bill_Richardson,1,George_McCloud,1
Billy_Andrade,1,Kellie_Coffey,1
Billy_Crawford,1,Jim_Edmonds,2
Billy_Edelin,1,Himmler_Rebu,1
Bing_Crosby,1,Stephen_Webster,1
Bixente_LIzarazu,1,Chris_Bell,2
Bixente_LIzarazu,1,Todd_Wike,1
Blythe_Danner,2,Hank_McKinnell,1
Bob_Eskridge,1,Marco_Pantani,1
Bob_Hartley,1,Lou_Piniella,3
Bob_Krueger,1,Gordana_Grubin,1
Bob_Krueger,1,Mariana_Pollack,1
Bob_Sulkin,1,Branko_Crvenkovski,3
Bobby_Kielty,1,Robert_Horan,2
Brajesh_Mishra,1,Mark_Podlesny,1
Brandon_Knight,1,Claudia_Cardinale,1
Brandon_Knight,1,Phil_Donahue,1
Brandon_Lloyd,1,Cha_Yung-gu,1
Brandon_Lloyd,1,James_Coburn,1
Brian_Schneider,1,Michael_Rolinee,1
Bruce_Springsteen,4,Ion_Tiriac,1
Cameron_Diaz,2,Shia_LaBeouf,1
Cameron_Diaz,5,Nadia_Petrova,2
Carla_Gugino,1,Kelly_Osbourne,1
Carla_Gugino,1,Kenny_Chesney,1
Carla_Gugino,1,Michael_Douglas,3
Carla_Gugino,1,Miguel_Aldana_Ibarra,1
Carlos_Fasciolo,1,Debbie_Allen,1
Carol_Williams,1,Gorden_Tallis,1
Carrie-Anne_Moss,2,Horacio_Julio_Pina,1
Carrie-Anne_Moss,4,Michael_Goldrich,1
Casey_Crowder,1,Keiko_Sofia_Fujimori,1
Casey_Crowder,1,Phoenix_Chang,1
Cha_Yung-gu,1,Takeo_Hiranuma,1
Charlene_Barshefsky,1,James_Coburn,1
Charles_Tannok,1,Larry_Coker,4
Charlie_Hunnam,1,Hestrie_Cloette,1
Charlie_Hunnam,1,Veronica_Lake,1
Charlton_Heston,4,Desiree_Lemosi,1
Chawki_Armali,1,Shoshannah_Stern,1
Chris_Bell,2,Pharrell_Williams,1
Chris_Forsyth,1,Nikki_Reed,2
Chris_Neil,1,John_Kerry,14
Chris_Noth,1,Takeshi_Kitano,1
Christine_Arron,1,Robert_Duvall,5
Christine_Arron,1,Steve_McManaman,1
Chuck_Hagel,1,Jeff_Roehm,1
Chuck_Hagel,1,Margaret_Hasley,1
Chuck_Hagel,1,Sebastian_Porto,1
Cliff_Ellis,1,John_Lisowski,1
Clifford_Etienne,1,Pharrell_Williams,1
Clifford_Etienne,1,Ray_Lewis,1
Clive_Lloyd,1,Harland_Braun,1
Colin_Montgomerie,1,Horacio_Julio_Pina,1
Daniel_Montenegro,1,Gustavo_Cisneros,1
Daniel_Montenegro,1,Nadia_Petrova,4
Daniel_Montenegro,1,Omar_Khan_Sharif,1
Daniel_Montenegro,1,Rick_Santorum,1
Danny_Glover,1,Morris_Dees,1
Danny_Glover,1,Patrice_Chereau,2
David_Trimble,4,John_Elway,1
David_Wolf,2,Emanuel_Ginobili,4
David_Wolf,2,Kathleen_Glynn,2
David_Wolf,2,Venus_Williams,6
Debbie_Allen,1,Sebastian_Cuattrin,1
Demetrius_Ferraciu,2,Edward_Seaga,1
Denise_Johnson,1,Nikki_Cascone,1
Denise_Johnson,2,Emanuel_Ginobili,3
Denise_Johnson,2,Filippo_Inzaghi,2
Dennis_Powell,1,Horst_Koehler,3
Dennis_Powell,1,Michael_Chiklis,2
Desiree_Lemosi,2,Dion_Glover,1
Dion_Glover,1,Michael_Weiss,1
Doug_Melvin,1,Gustavo_Cisneros,1
Doug_Melvin,3,Emma_Nicholson,1
Doug_Racine,1,Marisol_Breton,1
Ed_Book,1,Nur_Jaafar,1
Ed_Case,1,Sadam_Hassan,1
Edward_Seaga,1,George_Roy_Hill,1
Edward_Seaga,1,Sarah_Price,1
Eileen_Spina,1,Jeff_Bzdelik,1
Ekke_Hard_Forberg,1,Nikki_Reed,1
Elena_Bereznaya,1,Lene_Espersen,1
Elena_Bereznaya,1,Mario_Lobo_Zagallo,1
Elena_Bereznaya,1,Rick_Stansbury,2
Elisha_Cuthbert,1,Mariana_Pollack,2
Eliza_Manningham-Buller,1,Lawrence_MacAulay,2
Eric_Clapton,2,Niall_Connolly,1
Eric_Taino,1,Michael_Goldrich,1
Farida_Ragoonanan,1,Jorge_Enrique_Jimenez,1
Felix_Trinidad,1,Joe_Darrell,1
Felix_Trinidad,1,Justine_Pasek,4
Fernando_Valenzuela,1,Luis_Figo,3
Fernando_Valenzuela,1,Nicolas_Macrozonaris,1
Filippo_Inzaghi,1,Mohammed_Al_Hindi,1
Filippo_Inzaghi,1,Shanna_Zolman,1
Francis_Ricciardone,1,Sven_Goran_Eriksson,1
Franz_Beckenbauer,1,Gerald_Ford,1
Franz_Beckenbauer,2,Rick_Bragg,1
George_Foreman,2,Ralph_Goodale,1
George_Pataki,1,James_Dingemans,1
George_Pataki,2,Masahiko_Nagasawa,2
George_Plimpton,1,Ximena_Bohorquez,1
Gerald_Ford,1,Kurt_Budke,1
Gerald_Ford,1,Li_Peng,1
Giselle_Estefania_Tavarelli,1,John_Sununu,1
Giulio_Andreotti,1,Kurt_Russell,2
Giulio_Andreotti,1,Michael_Denzel,1
Gonzalo_Sanchez_de_Lozada,3,Shannyn_Sossamon,1
Graciano_Rocchigiani,1,Juan_Jose_Lucas,1
Gregory_Geoffroy,1,Sybille_Schmid,1
Gregory_Geoffroy,2,Kosuke_Kitajima,1
Gregory_Geoffroy,2,Wycliffe_Grousbeck,1
Guangdong_Ou_Guangyuan,1,Li_Ruihuan,1
Guangdong_Ou_Guangyuan,1,Nicole,1
Gustavo_Cisneros,1,Steve_Blake,1
Gustavo_Noboa,1,Lea_Fastow,2
Habib_Hisham,1,Pat_Rochester,1
Habib_Hisham,1,Paul_Wilson,1
Habib_Rizieq,1,Olivia_Newton-John,2
Habib_Rizieq,3,Kenny_Chesney,1
Hal_Sutton,2,Kellie_Coffey,1
Harland_Braun,1,Kathryn_Tucker,1
Hassanal_Bolkiah,1,Michael_Leavitt,1
Hestrie_Cloette,1,Nicholas_Byron,2
Hitoshi_Tanaka,1,Ramon_Ponce_de_Leon,1
Horacio_Julio_Pina,1,Zaini_Abdullah,1
Huang_Suey-Sheng,1,Lucrecia_Orozco,1
Huang_Suey-Sheng,1,Paul_Cerjan,1
Huang_Suey-Sheng,1,Robinson_Stevenin,1
Ian_Knop,1,Michel_Minard,1
Ilan_Ramon,3,Tatiana_Kennedy_Schlossberg,1
Ion_Tiriac,1,Lawrence_MacAulay,1
Ismail_Abu_Shanab,1,Michael_Denzel,1
Ismail_Abu_Shanab,1,Rebecca_Romijn-Stamos,1
Jack_Welch,1,Keizo_Yamada,1
James_Dingemans,1,Robert_Duvall,5
James_Dingemans,1,William_Morrow,1
Jamie_Lee_Curtis,1,William_Joppy,1
Jamie_Martin,1,Patrick_Ewing,1
Jan_Bjoerklund,1,Li_Ruihuan,1
Jan_Paul_Miller,1,Paradorn_Srichaphan,8
Jay_Garner,3,Reggie_Sanders,1
Jeff_Bzdelik,1,Zach_Parise,1
Jerry_Oliver,1,Rudolf_Schuster,1
Jerry_Oliver,1,Stefaan_Declerk,1
Jerry_Sloan,1,Julianne_Moore,9
Jerry_Sloan,1,Keiko_Sofia_Fujimori,1
Jerry_Sloan,1,Nikki_Cascone,1
Jim_Anderson,1,Jose_Luis_Santiago_Vasconcelos,1
Jim_Anderson,1,Mikhail_Wehbe,1
Joaquim_Levy,1,Judy_Vassar,1
Joe_Leonard,1,Kristen_Rivera,1
John_Baldacci,1,Nona_Gaye,1
John_Baldacci,1,Shia_LaBeouf,1
John_Elway,1,Mahmoud_Diyab_al-Ahmed,1
John_Kerry,9,Raja_Ibrahim,1
John_Kerry,14,Pat_Rochester,1
John_Lisowski,1,Michelle_Kwan,1
John_Malkovich,2,Paradorn_Srichaphan,7
John_Malkovich,3,Mona_Locke,1
John_Malkovich,3,Richard_Palmer,1
John_McCallum,1,Oliver_Phelps,1
John_McCallum,2,Rick_Bragg,1
John_McEnroe,2,Shane_Mosley,1
John_Prescott,1,Will_Ofenheusle,1
Johnnie_Lynn,1,Larry_Coker,4
Johnnie_Lynn,1,Richard_Palmer,1
Johnny_Unitas,1,Mark_Foley,1
Jonathan_Karsh,1,Samantha_Ledster,1
Joxel_Garcia,1,Lena_Olin,1
Joy_Bryant,1,Richard_Chamberlain,1
Julianne_Moore,4,Shia_LaBeouf,1
Julio_Iglesias_Jr,1,Ramon_Ponce_de_Leon,1
Justin_Timberlake,1,Suzanne_Somers,1
Kathleen_Glynn,2,Susilo_Bambang_Yudhoyono,1
Kathryn_Morris,1,Minnie_Driver,2
Kathryn_Tucker,1,Stella_McCartney,1
Katie_Couric,1,Sanjay_Gupta,1
Keiko_Sofia_Fujimori,1,Sureyya_Ayhan,1
Kellie_Coffey,1,Todd_Petit,1
Kenny_Chesney,1,Steve_Coogan,1
Kevin_Tarrant,1,Marisol_Breton,1
Kristen_Rivera,1,Valdas_Adamkus,2
Kurt_Russell,2,Mahmoud_Diyab_al-Ahmed,1
Kurt_Tanabe,1,William_Jackson,1
Kyle_McLaren,1,Sofia_Milos,1
Kyle_McLaren,1,Will_Ofenheusle,1
Kyle_Shewfelt,1,Larry_Coker,2
Lawrence_Foley,1,Rachel_Wadsworth,1
Lea_Fastow,1,Uday_Hussein,1
Lesia_Burlak,1,Nur_Jaafar,1
Lori_Berenson,1,Rudolf_Schuster,1
Lucio_Angulo,1,Sarah_Price,1
Lucio_Gutierrez,10,Pedro_Malan,5
Margaret_Hasley,1,Michael_Denzel,1
Mark_Redman,1,Stephen_Funk,1
Mark_Salter,1,Shanna_Zolman,1
Martin_Luther_King_III,1,Maryn_McKenna,1
Mary_Bono,1,Todd_Wike,1
Matt_LeBlanc,1,Robert_Redford,2
Mauro_Viza,1,William_Jackson,1
Max_Baucus,1,Paradorn_Srichaphan,5
Max_Baucus,1,Yossi_Beilin,2
Meles_Zenawi,1,Nawabzada_Nasrullah_Khan,1
Melissa_Mulloy,1,Paula_Abdul,1
Melissa_Mulloy,1,Roger_Lyons,1
Michael_Chiklis,1,Mohammed_Al_Hindi,1
Michael_Chiklis,1,Steve_Rush,1
Michael_Doleac,1,Nur_Jaafar,1
Michael_Goldrich,1,Suzanne_Somers,1
Michael_Kahn,1,Rick_Caruso,1
Michel_Minard,1,Suzanne_Gaudet,1
Michelle_Bachelet,1,Sami_Al-Arian,1
Miguel_Angel_Rodriguez,1,Sasha_Cohen,1
Mike_Bryan,1,Shanna_Zolman,1
Mike_Montgomery,1,Ray_Lewis,1
Milton_Wynants,1,Stuart_Townsend,1
Miyako_Miyazaki,2,Munir_Akram,2
Morris_Dees,1,Shamai_Leibowitz,1
Morris_Dees,1,Suzie_McConnell_Serio,1
Nathalie_Gagnon,1,Richard_Reid,1
Nicklas_Lidstrom,1,Norman_Jewison,1
Nicklas_Lidstrom,1,Sadie_Frost,3
Nicole_Hiltz,1,Zaini_Abdullah,1
Nona_Gaye,1,Paul_Cerjan,1
Oscar_Bolanos,1,Phil_Donahue,1
Oscar_Bolanos,1,Tatiana_Kennedy_Schlossberg,1
Pascal_Quignard,3,Patrick_Ewing,2
Pat_Rochester,1,Phoenix_Chang,1
Pat_Rochester,1,Will_Ofenheusle,1
Paul_Farley,1,Platon_Lebedev,1
Paula_Abdul,1,Robert_Vowler,1
Pharrell_Williams,1,Tyrone_Medley,1
Phoenix_Chang,1,Platon_Lebedev,1
Rachel_Wadsworth,1,Richard_Palmer,1
Raymond_Odierno,1,Richard_Reid,1
Reggie_Sanders,1,Rick_Santorum,2
Richard_Chamberlain,1,Steve_Patterson,1
Richard_Ward,1,Steve_Redgrave,1
Robert_Vowler,1,Tab_Baldwin,1
Roy_Rogers,1,Steven_Feldman,1
Scott_Rolen,1,William_Murabito,1
Sofia_Milos,1,Steve_Nash,3
Sofia_Milos,1,Will_Ofenheusle,1
Sonja_Kesselschlager,1,Tim_Robbins,3
Takeo_Hiranuma,1,Ty_Votaw,1
Ted_Washington,1,Ximena_Bohorquez,1
Ty_Votaw,1,William_Webster,1
Abdel_Madi_Shabneh,1,Dean_Barker,1
Abdel_Madi_Shabneh,1,Giancarlo_Fisichella,1
Abdel_Madi_Shabneh,1,Mikhail_Gorbachev,1
Abdul_Rahman,1,Portia_de_Rossi,1
Abel_Pacheco,1,Jong_Thae_Hwa,2
Abel_Pacheco,2,Jean-Francois_Lemounier,1
Afton_Smith,1,Dwayne_Wade,1
Ahmad_Jbarah,1,James_Comey,1
Akhmed_Zakayev,2,Donna_Morrissey,1
Alan_Dershowitz,1,Bertrand_Bonello,1
Alanis_Morissette,1,Martin_Cauchon,1
Alexander_Lukashenko,1,Heather_Chinnock,1
Alfonso_Cuaron,1,Jason_Priestley,1
Alfonso_Cuaron,1,Patty_Schnyder,2
Alfonso_Soriano,1,Bill_Nelson,2
Alfonso_Soriano,1,Julio_De_Brun,1
Alfonso_Soriano,1,Patty_Schnyder,3
Alonzo_Mourning,1,Cecilia_Cheung,1
Amber_Tamblyn,2,Benjamin_Netanyahu,1
Amporn_Falise,1,Joe_Pantoliano,1
Anders_Fogh_Rasmussen,2,Johnson_Panjaitan,2
Andre_Bucher,1,Joseph_Ralston,1
Andre_Bucher,1,Maria_Garcia,1
Andrew_Gilligan,1,Henry_Castellanos,1
Andrew_Shutley,1,Edmund_Stoiber,5
Andrew_Shutley,1,Mitchell_Swartz,1
Andrew_Shutley,1,Saeb_Erekat,2
Andy_Dick,1,Simon_Yam,1
Andy_Griffith,1,Osrat_Iosef,1
Andy_Wisecarver,1,Dimitar_Berbatov,1
Angela_Lansbury,1,Steven_Van_Zandt,1
Angela_Lansbury,2,John_Coomber,1
Ann_Veneman,6,Sergio_Garcia,2
Ann_Veneman,8,Ted_Williams,1
Annie-Jeanne_Reynaud,1,SJ_Twu,1
Anthony_Carter,1,Eliza_Dushku,1
Antonio_Cassano,1,Paul_Celluci,1
Anwar_Ibrahim,1,David_Alpay,1
Armand_Sargen,1,Daryl_Sabara,1
Armand_Sargen,1,Kelvin_Sampson,3
Armand_Sargen,1,Lisa_Gottsegen,2
Atom_Egoyan,1,Bill_Stapleton,1
Atom_Egoyan,1,Janis_Ruth_Coulter,1
Barbara_Brezigar,2,Doris_Roberts,2
Barbara_Felt-Miller,1,Leticia_Dolera,1
Bart_Freundlich,1,Ernie_Grunfeld,1
Bart_Freundlich,1,Kirsten_Gilham,1
Benjamin_Martinez,1,Garry_McCoy,1
Benjamin_Netanyahu,1,Maria_Callas,1
Benjamin_Netanyahu,5,Frank_Beamer,1
Bernard_Law,1,Liu_Xiaoqing,1
Bernard_Law,3,Valerie_Harper,2
Bertrand_Bonello,1,Jong_Thae_Hwa,2
Bill_Bradley,1,Chen_Tsai-chin,1
Bill_Bradley,1,Helen_Alvare,1
Bill_Elliott,1,Mary_Anne_Souza,1
Bill_Frist,5,Jimmy_Kimmel,2
Bill_Maher,1,Brad_Russ,1
Bill_Maher,1,Juliette_Binoche,1
Bill_Nelson,1,Kim_Jong-Il,3
Bill_Nelson,2,Gillian_Anderson,1
Bill_Stapleton,1,Sedigh_Barmak,1
Bill_Stapleton,1,Valerie_Harper,1
Billy_Bob_Thornton,1,Herb_Dhaliwal,1
Billy_Bob_Thornton,1,Nong_Duc_Manh,1
Bob_Alper,1,Kevin_Millwood,1
Bob_Graham,2,Dwayne_Wade,1
Bob_Petrino,1,Geraldine_Chaplin,4
Bob_Petrino,1,Jorge_Castaneda,1
Boris_Becker,4,Julianna_Margulies,2
Brad_Russ,1,Hana_Urushima,1
Brad_Russ,1,Romeo_Gigli,1
Brawley_King,1,Tom_Glavine,2
Brian_Griese,2,Jeffrey_Archer,2
Brian_Griese,2,Laura_Elena_Harring,1
Brian_Griese,2,Nicolas_Lapentti,2
Bryan_Adams,1,Michael_Kors,1
Bryan_Adams,1,Mohamed_Seineldin,1
Calbert_Cheaney,1,Ian_Smith,1
Calbert_Cheaney,1,Robert_Downey_Jr,1
Carl_Reiner,1,Hamid_Efendi,1
Carl_Reiner,2,John_Engler,1
Carl_Reiner,2,Prince_Rainier_III,1
Carl_Reiner,2,Tom_Glavine,2
Carlo_Azeglio_Ciampi,1,Francis_Ford_Coppola,1
Carlos_Arroyo,1,Shane_Phillips,1
Carlos_Paternina,1,Emily_Stevens,1
Carlos_Paternina,1,Paul_Sarbanes,1
Casey_Mears,1,Mike_Davis,1
Casey_Mears,1,Yukiko_Okudo,1
Cathy_Freeman,2,William_Martin,2
Cecilia_Cheung,1,Daryl_Parks,1
Cecilia_Cheung,1,Pascal_Affi_Nguessan,1
Chen_Tsai-chin,1,Dereck_Whittenburg,1
Chen_Tsai-chin,1,Mamdouh_Habib,1
Cho_Myung-kyun,1,David_Bell,1
Cho_Myung-kyun,1,Fernando_Sanz,1
Cho_Myung-kyun,1,Georgia_Giddings,1
Cho_Myung-kyun,1,Richard_Fine,1
Choi_Yun-yong,1,Chuck_Eidson,1
Chris_Dodd,1,Taylor_Twellman,1
Chris_Swecker,1,Tom_Vilsack,1
Christian_Lacroix,1,Laura_Elena_Harring,1
Christian_Lacroix,1,Ornella_Muti,1
Chuck_Eidson,1,Sigourney_Weaver,1
Clare_Short,4,Don_Carcieri,1
Coco_dEste,1,Darvis_Patton,1
Coco_dEste,1,Melina_Kanakaredes,1
Coco_dEste,1,Tom_Rouen,1
Coleen_Rowley,1,Nong_Duc_Manh,1
Corinne_Coman,2,Frank_Beamer,1
Dale_Earnhardt_Jr,1,Nick_Reilly,1
Dario_Franchitti,1,Henry_Castellanos,1
Darren_Campel,1,Hilary_McKay,1
Darvis_Patton,1,Gerard_Tronche,1
Darvis_Patton,1,William_Macy,4
Daryl_Parks,1,Guus_Hiddink,1
Daryl_Sabara,1,Nick_Reilly,1
Daryl_Sabara,1,Valentina_Tereshkova,1
Dave_Johnson,1,Howard_Stern,1
Dave_Tucker,1,Gary_Gitnick,1
David_Collenette,1,Salman_Khan,1
David_Westerfield,1,Stan_Kroenke,1
Dean_Jacek,1,Larry_Wilmore,1
Demi_Moore,2,Fred_Thompson,1
Demi_Moore,2,Linus_Roache,1
Dereck_Whittenburg,1,Lindsey_Graham,2
Dianne_Reeves,1,Larry_Wilmore,1
Dianne_Reeves,1,Romeo_Gigli,1
Don_Carcieri,1,Janica_Kostelic,1
Dora_Bakoyianni,1,Richard_Sambrook,2
Dora_Bakoyianni,1,Saeb_Erekat,2
Doris_Roberts,1,Nong_Duc_Manh,1
Doug_Wilson,1,Szu_Yu_Chen,1
Douglas_Gansler,1,Martin_Brooke,1
Douglas_Gansler,1,Ronald_Kadish,1
Dwayne_Wade,1,Mike_Farrar,1
Edward_Arsenault,1,Jim_Hardin,1
Einars_Repse,1,Minnie_Mendoza,1
Einars_Repse,1,Tim_Blake_Nelson,1
Elinor_Caplan,1,Hilary_McKay,1
Eliza_Dushku,1,George_Lucas,1
Eliza_Dushku,1,Itzhak_Perlman,1
Emily_Stevens,1,Janez_Drnovsek,1
Emmanuelle_Beart,2,Phil_Jackson,1
Eric_Daze,1,Sterling_Hitchcock,1
Erika_Christensen,2,Michael_Dell,1
Erika_Christensen,2,Woody_Allen,2
Eriko_Tamura,1,Georgia_Giddings,1
Ernie_Grunfeld,1,Frank_Coraci,1
Eugene_Melnyk,1,Mahima_Chaudhari,1
Fatma_Kusibeh,1,Lee_Baca,1
Federico_Trillo,1,Jonathan_Woodgate,1
Fernando_Alonso,1,Sam_Brownback,1
Fernando_Sanz,1,Miranda_Otto,1
Fernando_Sanz,1,Roy_Moore,1
Flor_Montulo,2,Juan_Pablo_Montoya,1
Francisco_Garcia,1,Marsha_Sharp,1
Francois_Ozon,1,Makiya_Ali_Hassan,1
Frank_Coraci,1,Tomoko_Hagiwara,2
Frank_Van_Ecke,1,Tsutomu_Takebe,1
Fred_Thompson,2,Helen_Alvare,1
Fred_Thompson,2,Sterling_Hitchcock,1
Fred_Thompson,3,Magda_Kertasz,1
Garry_Trudeau,1,Pat_Riley,1
Garry_Witherall,1,Howard_Stern,1
Garry_Witherall,1,Ingrid_Betancourt,1
Garry_Witherall,1,Martin_Keown,1
Gary_Gero,1,Kim_Hong-gul,1
Gary_Gero,1,Phil_Gramm,1
Gavin_Degraw,1,Jeffrey_Archer,1
Gene_Robinson,3,Martha_Bowen,2
Georgia_Giddings,1,Mahima_Chaudhari,1
Geovani_Lapentti,1,Rodney_Rempt,1
Geovani_Lapentti,1,Sam_Brownback,1
Gerard_de_Cortanze,1,Mark_Wahlberg,1
Gian_Marco,2,Kevin_Stallings,2
Giancarlo_Fisichella,1,Maria_Callas,1
Gideon_Yago,1,Natalie_Williams,1
Gideon_Yago,1,Paul_William_Hurley,1
Glenn_Plummer,1,Maria_Garcia,1
Grant_Hackett,1,Todd_Robbins,1
Grant_Hackett,3,Milo_Djukanovic,3
Gray_Davis,26,Karen_Lynn_Gorney,1
Gregg_Popovich,3,Vernon_Forrest,1
Gregor_Gysi,1,Tomoko_Hagiwara,1
Guy_Ritchie,2,Herb_Dhaliwal,1
Guy_Ritchie,2,William_Macy,1
Hamid_Efendi,1,Jimmy_Carter,8
Hamzah_Haz,2,Hilary_McKay,1
Harald_Ringstorff,1,Pat_Riley,1
Harald_Ringstorff,1,Romano_Prodi,6
Heather_Chinnock,1,Jean-Francois_Lemounier,1
Helen_Alvare,1,Milo_Djukanovic,1
Henry_Castellanos,1,Pamela_Anderson,4
Henry_Castellanos,1,Tommy_Shane_Steiner,1
Herb_Dhaliwal,1,Hung_Wan-ting,1
Hilary_McKay,1,Kevin_Millwood,1
Howard_Stern,1,Maria_Callas,1
Hugo_Chavez,33,Karen_Lynn_Gorney,1
Hugo_Chavez,60,Steve_Shiver,1
Imam_Samudra,1,Ivana_Trump,1
Imelda_Marcos,1,Patty_Schnyder,4
Jack_Smith,1,Mary_Jo_Myers,1
James_Caan,2,Paul_Sarbanes,2
James_Comey,1,Juan_Carlos_Morales,1
James_Comey,1,Paul_William_Hurley,1
Jamling_Norgay,1,Zico,2
Jan_Pronk,1,Kim_Dong-hwa,1
Janez_Drnovsek,1,Sterling_Hitchcock,1
Janica_Kostelic,2,Yasushi_Akashi,1
Janice_Abreu,1,Kevin_Sorbo,1
Jeffrey_Ashby,1,Michael_Dell,1
Jennifer_Garner,6,Mike_Duke,1
Jennifer_Renee_Short,1,Taylor_Twellman,1
Jerry_Seinfeld,1,Tim_Blake_Nelson,1
Jerry_Tarkanian,1,Thomas_Rupprath,1
Jessica_Lange,2,Sedigh_Barmak,1
Jim_Freudenberg,1,Nigel_Redden,1
Jim_Freudenberg,1,Tina_Pisnik,1
Jim_Haslett,1,Tsutomu_Takebe,1
Jim_Otto,1,Rafiq_Hariri,1
Jimmy_Gurule,1,Terry_McAuliffe,1
Jodie_Foster,3,Joe_Pantoliano,1
John_Herrington,1,Luis_Ernesto_Derbez_Bautista,2
John_Richardson,1,Yasushi_Akashi,1
John_Snow,17,Se_Hyuk_Joo,1
Jonathan_Arden,1,Joseph_Ralston,1
Jorge_Castaneda,1,Robert_Fico,1
Jose_Rosado,1,Micky_Arison,1
Joseph_Blatter,1,Ronald_Kadish,1
Joseph_Ralston,2,Juan_Pablo_Montoya,5
Joseph_Ralston,2,Yoshiyuki_Kamei,1
Juliette_Binoche,1,Matthew_Broderick,3
Julio_De_Brun,1,Patty_Schnyder,1
Julio_De_Brun,1,Vernon_Forrest,1
Justin_Guarini,2,Prince_Edward,1
Kate_Winslet,2,Mike_Duke,1
Katie_Wagner,1,Stan_Kroenke,1
Keith_Lowen,1,Robert_Evans,2
Keith_Lowen,1,Silvia_Farina_Elia,2
Ken_Loach,1,Taku_Yamasaki,1
Kevin_Crane,1,Mike_Krzyzewski,2
Kevin_Millwood,1,Mitchell_Crooks,1
Kim_Clijsters,4,Martin_Short,1
Kim_Hong-gul,1,Milo_Djukanovic,3
Kim_Jong-Il,3,Rick_Reed,1
Lance_Armstrong,9,Maria_Garcia,1
Laurent_Jalabert,2,Vincent_Gallo,1
Leon_LaPorte,1,Ted_Williams,1
Leon_LaPorte,1,Tommy_Thompson,5
Leonardo_Fernandez,1,Romano_Prodi,7
Leticia_Dolera,1,Tom_Glavine,1
Lorraine_Bracco,1,Momcilo_Perisic,1
Luis_Ernesto_Derbez_Bautista,1,Tyra_Banks,1
Maria_Burks,1,Todd_Parrott,1
Mario_Lemieux,1,Stan_Kroenke,1
Mark_Everson,1,Martin_Sheen,2
Marquier_Montano_Contreras,1,SJ_Twu,1
Marsha_Sharp,1,Steve_Shiver,1
Martin_Cauchon,2,Vitali_Klitschko,3
Martin_Hoellwarth,2,Mary_Katherine_Smart,1
Martina_Hingis,1,Terry_McAuliffe,2
Melina_Kanakaredes,1,Ornella_Muti,1
Michael_Dell,1,Mike_Duke,1
Michael_Dell,1,Nigel_Redden,1
Michael_Richards,1,Silvia_Farina_Elia,3
Milan_Kucan,1,Salman_Khan,1
Nancy_Kerrigan,1,Sam_Brownback,1
Naomi_Campbell,1,Tom_Ridge,16
Nina_Jacobson,1,Portia_de_Rossi,1
Noah_Wyle,3,Robbie_Coltrane,1
Nora_Bendijo,1,William_Martin,2
Nursultan_Nazarbayev,1,Robert_Bonner,1
Pascal_Affi_Nguessan,1,Tom_Moss,1
Pat_Summitt,1,Paul_Celluci,1
Patty_Schnyder,3,Pernilla_Bjorn,1
Patty_Schnyder,3,Prince_Philippe,1
Patty_Schnyder,4,Ricardo_Lagos,25
Pervez_Musharraf,3,Richard_Rodriguez,1
Phil_Gramm,2,Stefan_Tafrov,1
Rachel_Kempson,1,Zorica_Radovic,1
Rachel_Roy,1,Steve_Shiver,1
Richard_Fine,1,Richard_Rodriguez,1
Rick_Reed,1,Ruth_Bader_Ginsburg,1
Robbie_Naish,1,Zhong_Nanshan,1
Robert_Bonner,2,Vincent_Brooks,2
Robert_Downey_Jr,1,Tommy_Shane_Steiner,1
Robert_Evans,1,Todd_Robbins,1
Romeo_Gigli,1,Tom_Harkin,4
Saeb_Erekat,1,Tom_Coverdale,2
Se_Hyuk_Joo,1,Tom_Rouen,1
Sergio_Garcia,2,Thomas_Watjen,1
Simon_Yam,1,Terry_McAuliffe,3
Simon_Yam,1,Tommy_Haas,5
Stan_Kroenke,1,William_Hyde,1
Steve_Ballmer,1,Tina_Pisnik,1
Steve_Ballmer,2,Vincent_Gallo,3
Steve_Shiver,1,Thomas_Rupprath,3
Tina_Fey,1,Todd_Parrott,1
